<?xml version="1.0" encoding="utf-8"?>
<MUPDefinition xmlns:xsi="http://www.w3.org/2001/XMLSchema-instance" xmlns:xsd="http://www.w3.org/2001/XMLSchema" xmlns="http://schemas.dell.com/openmanage/cm/2/0/mupdefinition.xsd">
  <packageinformation>
    <installertype>mupinstaller</installertype>
    <mupspecificationversion>3.0.0</mupspecificationversion>
    <name>Qualcomm WCN6856 Bluetooth Driver</name>
    <packagegrouping>dch_package</packagegrouping>
    <packagingtype>dch_inf_package</packagingtype>
    <releasetype>DRVR</releasetype>
    <subsystem>Network</subsystem>
    <version>2.0.0.1152</version>
    <AppliesTo>
      <DeviceInformation>Qualcomm WCN6856 Bluetooth Driver</DeviceInformation>
    </AppliesTo>
    <supportedoperatingsystems>
      <osidentifier name="Windows10" architecture="x64" />
    </supportedoperatingsystems>
    <content dchSupport="true" baseOSBuildNumber="0">
      <DeviceGroup supportedOSBuildNumber="0">
        <Device componentID="110893">
          <Generic>USB\VID_0CF3&amp;PID_E600</Generic>
          <Generic>USB\VID_10AB&amp;PID_9108</Generic>
          <Generic>USB\VID_10AB&amp;PID_9109</Generic>
          <Generic>USB\VID_10AB&amp;PID_9208</Generic>
          <Generic>USB\VID_10AB&amp;PID_9209</Generic>
          <Generic>USB\VID_10AB&amp;PID_9308</Generic>
          <Generic>USB\VID_10AB&amp;PID_9309</Generic>
          <Generic>USB\VID_10AB&amp;PID_9408</Generic>
          <Generic>USB\VID_10AB&amp;PID_9409</Generic>
          <Generic>USB\VID_10AB&amp;PID_9508</Generic>
          <Generic>USB\VID_10AB&amp;PID_9509</Generic>
          <Generic>USB\VID_10AB&amp;PID_9608</Generic>
          <Generic>USB\VID_10AB&amp;PID_9609</Generic>
          <Generic>USB\VID_10AB&amp;PID_9F09</Generic>
          <Generic>USB\VID_04CA&amp;PID_3022</Generic>
          <Generic>USB\VID_0489&amp;PID_E0C7</Generic>
          <Generic>USB\VID_0489&amp;PID_E0C9</Generic>
          <Generic>USB\VID_0489&amp;PID_E0CC</Generic>
          <Generic>USB\VID_0489&amp;PID_E0CE</Generic>
          <Generic>USB\VID_0489&amp;PID_E0CA</Generic>
          <Generic>USB\VID_0489&amp;PID_E0CB</Generic>
          <Generic>USB\VID_0489&amp;PID_E0D0</Generic>
          <Generic>USB\VID_0489&amp;PID_E0D6</Generic>
          <Generic>USB\VID_0489&amp;PID_E0DF</Generic>
          <Generic>USB\VID_0489&amp;PID_E0E1</Generic>
          <Generic>USB\VID_0489&amp;PID_E0E3</Generic>
          <Generic>USB\VID_0489&amp;PID_E0EA</Generic>
          <Generic>USB\VID_0489&amp;PID_E0EC</Generic>
          <Generic>USB\VID_0489&amp;PID_E115</Generic>
          <Generic>USB\VID_04CA&amp;PID_3023</Generic>
          <Generic>USB\VID_04CA&amp;PID_3024</Generic>
          <Generic>USB\VID_04CA&amp;PID_3A22</Generic>
          <Generic>USB\VID_04CA&amp;PID_3A24</Generic>
          <Generic>USB\VID_04CA&amp;PID_3A26</Generic>
          <Generic>USB\VID_04CA&amp;PID_3A27</Generic>
          <Image type="DRVR" inftype="base" version="2.0.0.1152">
            <file>0\Drivers\Drivers\BtFilter.inf</file>
            <supportedoperatingsystems>
              <osidentifier name="Windows10.0" architecture="x64" buildNumber="0" />
            </supportedoperatingsystems>
          </Image>
        </Device>
      </DeviceGroup>
    </content>
  </packageinformation>
</MUPDefinition>