<?xml version="1.0" encoding="utf-8"?>
<MUPDefinition xmlns:xsi="http://www.w3.org/2001/XMLSchema-instance" xmlns:xsd="http://www.w3.org/2001/XMLSchema" xmlns="http://schemas.dell.com/openmanage/cm/2/0/mupdefinition.xsd">
  <packageinformation>
    <installertype>mupinstaller</installertype>
    <mupspecificationversion>3.0.0</mupspecificationversion>
    <name>Qualcomm WLAN Installer</name>
    <packagegrouping>dch_package</packagegrouping>
    <packagingtype>dch_inf_package</packagingtype>
    <releasetype>DRVR</releasetype>
    <subsystem>Network</subsystem>
    <version>1.0.0.1456</version>
    <AppliesTo>
      <DeviceInformation>Qualcomm WLAN Installer</DeviceInformation>
    </AppliesTo>
    <supportedoperatingsystems>
      <osidentifier name="Windows10" architecture="x64" />
    </supportedoperatingsystems>
    <content dchSupport="true" baseOSBuildNumber="19042">
      <DeviceGroup supportedOSBuildNumber="19042">
        <Device componentID="110892">
          <PCIInfo vendorID="17CB" deviceID="1103" subDeviceID="0108" subVendorID="17CB" />
          <PCIInfo vendorID="17CB" deviceID="1103" subDeviceID="3374" subVendorID="17CB" />
          <PCIInfo vendorID="17CB" deviceID="1103" subDeviceID="080D" subVendorID="11AD" />
          <PCIInfo vendorID="17CB" deviceID="1103" subDeviceID="E0B6" subVendorID="105B" />
          <PCIInfo vendorID="17CB" deviceID="1103" subDeviceID="E0B9" subVendorID="105B" />
          <PCIInfo vendorID="17CB" deviceID="1103" subDeviceID="E0BD" subVendorID="105B" />
          <PCIInfo vendorID="17CB" deviceID="1103" subDeviceID="081D" subVendorID="11AD" />
          <PCIInfo vendorID="17CB" deviceID="1103" subDeviceID="082D" subVendorID="11AD" />
          <PCIInfo vendorID="17CB" deviceID="1103" subDeviceID="E0BA" subVendorID="105B" />
          <PCIInfo vendorID="17CB" deviceID="1103" subDeviceID="E0BE" subVendorID="17AA" />
          <PCIInfo vendorID="17CB" deviceID="1103" subDeviceID="E0CA" subVendorID="105B" />
          <PCIInfo vendorID="17CB" deviceID="1103" subDeviceID="E0B8" subVendorID="105B" />
          <PCIInfo vendorID="17CB" deviceID="1103" subDeviceID="E0BB" subVendorID="105B" />
          <PCIInfo vendorID="17CB" deviceID="1103" subDeviceID="9108" subVendorID="14CD" />
          <PCIInfo vendorID="17CB" deviceID="1103" subDeviceID="9208" subVendorID="14CD" />
          <PCIInfo vendorID="17CB" deviceID="1103" subDeviceID="9308" subVendorID="14CD" />
          <PCIInfo vendorID="17CB" deviceID="1103" subDeviceID="9308" subVendorID="17AA" />
          <PCIInfo vendorID="17CB" deviceID="1103" subDeviceID="9408" subVendorID="14CD" />
          <PCIInfo vendorID="17CB" deviceID="1103" subDeviceID="9508" subVendorID="14CD" />
          <PCIInfo vendorID="17CB" deviceID="1103" subDeviceID="9608" subVendorID="14CD" />
          <PCIInfo vendorID="17CB" deviceID="1103" subDeviceID="A82D" subVendorID="11AD" />
          <PCIInfo vendorID="17CB" deviceID="1103" subDeviceID="A84D" subVendorID="11AD" />
          <PCIInfo vendorID="17CB" deviceID="1103" subDeviceID="E0CC" subVendorID="105B" />
          <PCIInfo vendorID="17CB" deviceID="1103" subDeviceID="E0CE" subVendorID="105B" />
          <PCIInfo vendorID="17CB" deviceID="1103" subDeviceID="E0C4" subVendorID="105B" />
          <PCIInfo vendorID="17CB" deviceID="1103" subDeviceID="A80D" subVendorID="11AD" />
          <PCIInfo vendorID="17CB" deviceID="1103" subDeviceID="E0D5" subVendorID="105B" />
          <PCIInfo vendorID="17CB" deviceID="1103" subDeviceID="E0D7" subVendorID="105B" />
          <PCIInfo vendorID="17CB" deviceID="1103" subDeviceID="A85D" subVendorID="11AD" />
          <PCIInfo vendorID="17CB" deviceID="1103" subDeviceID="0268" subVendorID="1DAC" />
          <PCIInfo vendorID="17CB" deviceID="1103" subDeviceID="1268" subVendorID="1DAC" />
          <PCIInfo vendorID="17CB" deviceID="1103" subDeviceID="9109" subVendorID="14CD" />
          <PCIInfo vendorID="17CB" deviceID="1103" subDeviceID="9209" subVendorID="14CD" />
          <PCIInfo vendorID="17CB" deviceID="1103" subDeviceID="9309" subVendorID="17AA" />
          <PCIInfo vendorID="17CB" deviceID="1103" subDeviceID="9409" subVendorID="14CD" />
          <PCIInfo vendorID="17CB" deviceID="1103" subDeviceID="9509" subVendorID="14CD" />
          <PCIInfo vendorID="17CB" deviceID="1103" subDeviceID="9609" subVendorID="14CD" />
          <PCIInfo vendorID="17CB" deviceID="1103" subDeviceID="9F09" subVendorID="14CD" />
          <Image type="DRVR" inftype="base" version="1.0.0.1456">
            <file>19042\Drivers\Drivers\qcwlan64.inf</file>
            <supportedoperatingsystems>
              <osidentifier name="Windows10.0" architecture="x64" buildNumber="19042" />
            </supportedoperatingsystems>
          </Image>
        </Device>
      </DeviceGroup>
    </content>
  </packageinformation>
</MUPDefinition>